,album,track_number,id,name,uri,acousticness,danceability,energy,instrumentalness,liveness,loudness,speechiness,tempo,valence,popularity
0,Dawn FM (Alternate World),1,3gj1hwjku4JaoamjJVqIIl,Dawn FM,spotify:track:3gj1hwjku4JaoamjJVqIIl,0.674,0.28,0.478,5.85e-05,0.483,-8.755,0.037,111.65,0.0807,54
1,Dawn FM (Alternate World),2,6Uj2XaahtYXK2WeD7GGwBY,Gasoline,spotify:track:6Uj2XaahtYXK2WeD7GGwBY,0.000582,0.728,0.741,0.00206,0.33,-7.075,0.0473,123.006,0.31,55
2,Dawn FM (Alternate World),3,3kOtREqmcGaEA2KhqffFnw,How Do I Make You Love Me?,spotify:track:3kOtREqmcGaEA2KhqffFnw,0.0203,0.805,0.498,2.37e-05,0.085,-7.927,0.0737,121.006,0.636,54
3,Dawn FM (Alternate World),4,3WXyY2PxX88kpBtB0GH61w,Take My Breath,spotify:track:3WXyY2PxX88kpBtB0GH61w,0.0128,0.698,0.769,0.00166,0.238,-7.154,0.0368,121.02,0.354,54
4,Dawn FM (Alternate World),5,0xa4hvXeYHRRNhA7wBfUar,Sacrifice,spotify:track:0xa4hvXeYHRRNhA7wBfUar,0.0296,0.735,0.795,3.18e-05,0.0678,-6.523,0.113,122.0,0.905,54
5,Dawn FM (Alternate World),6,23iLEDPEJpcfYOw1tVhd2o,A Tale By Quincy,spotify:track:23iLEDPEJpcfYOw1tVhd2o,0.679,0.447,0.512,2.98e-05,0.096,-8.67,0.128,67.291,0.571,50
6,Dawn FM (Alternate World),7,25C86uEjQ0fjj3bvsxIusO,Out of Time,spotify:track:25C86uEjQ0fjj3bvsxIusO,0.232,0.617,0.762,0.0,0.291,-4.467,0.0469,92.971,0.823,55
7,Dawn FM (Alternate World),8,0khQeEwEv6GndVypzpGOG5,"Here We Go… Again (feat. Tyler, the Creator)",spotify:track:0khQeEwEv6GndVypzpGOG5,0.345,0.469,0.623,0.0,0.588,-4.432,0.0302,134.943,0.198,51
8,Dawn FM (Alternate World),9,4cm7Ap6IWH6m8JyB9IXT3x,Best Friends,spotify:track:4cm7Ap6IWH6m8JyB9IXT3x,0.436,0.737,0.564,0.0,0.351,-7.045,0.105,90.0,0.528,51
9,Dawn FM (Alternate World),10,37zcCimcUGurQoLEAuN8nR,Is There Someone Else?,spotify:track:37zcCimcUGurQoLEAuN8nR,0.0388,0.702,0.586,7.27e-05,0.156,-7.83,0.0313,134.951,0.608,55
10,Dawn FM (Alternate World),11,2022B8GxEstpvibwgbJ15s,Starry Eyes,spotify:track:2022B8GxEstpvibwgbJ15s,0.465,0.309,0.418,7.58e-05,0.295,-8.622,0.031,134.23,0.146,51
11,Dawn FM (Alternate World),12,7q9Sr5kCkha0L49GAQctHl,Every Angel is Terrifying,spotify:track:7q9Sr5kCkha0L49GAQctHl,0.109,0.447,0.959,2.75e-05,0.0498,-5.59,0.348,118.167,0.46,49
12,Dawn FM (Alternate World),13,3TVnaEVbUBFmWYk9IOIwRo,Don’t Break My Heart,spotify:track:3TVnaEVbUBFmWYk9IOIwRo,0.31,0.767,0.618,0.0,0.179,-7.163,0.032,121.959,0.243,49
13,Dawn FM (Alternate World),14,7p2wRa4m9KVXEXUlkJLhUi,I Heard You're Married (feat. Lil Wayne),spotify:track:7p2wRa4m9KVXEXUlkJLhUi,0.103,0.736,0.848,0.0,0.299,-5.494,0.171,109.946,0.784,49
14,Dawn FM (Alternate World),15,02w1rM6spvEcbFxd63xCl2,Less Than Zero,spotify:track:02w1rM6spvEcbFxd63xCl2,0.00096,0.535,0.791,0.000155,0.0788,-5.55,0.0327,142.981,0.5,53
15,Dawn FM (Alternate World),16,0DvtQkuaV0VrSHgb5pwRke,Phantom Regret by Jim,spotify:track:0DvtQkuaV0VrSHgb5pwRke,0.75,0.394,0.519,0.195,0.129,-11.042,0.0465,110.113,0.241,47
16,Dawn FM (Alternate World),17,1S9DHKpS73KFVN7nnIql3f,Moth To A Flame (with The Weeknd),spotify:track:1S9DHKpS73KFVN7nnIql3f,0.00279,0.542,0.659,0.0,0.105,-7.289,0.0389,120.122,0.109,52
17,Dawn FM (Alternate World),18,1Jz0fAhw41suiAVekjAoLi,Dawn FM - OPN Remix,spotify:track:1Jz0fAhw41suiAVekjAoLi,0.586,0.337,0.719,0.00167,0.1,-4.068,0.0375,184.537,0.275,47
18,Dawn FM (Alternate World),19,2urqWNGpjl07PLAafoa5nT,How Do I Make You Love Me? - Sebastian Ingrosso & Salvatore Ganacci Remix,spotify:track:2urqWNGpjl07PLAafoa5nT,0.0145,0.863,0.802,0.597,0.111,-4.995,0.0476,124.012,0.379,51
19,Dawn FM (Alternate World),20,0QE33jkiMTzCI8momkDmQY,Sacrifice (Remix) (feat. Swedish House Mafia),spotify:track:0QE33jkiMTzCI8momkDmQY,0.0312,0.774,0.742,5.03e-05,0.0907,-7.391,0.0784,122.028,0.677,47
20,Dawn FM (Alternate World),21,6yuRNAxPh712eIib8UPI6U,Out of Time - KAYTRANADA Remix,spotify:track:6yuRNAxPh712eIib8UPI6U,0.0924,0.737,0.673,3.73e-05,0.0908,-6.962,0.271,108.033,0.597,45
21,Dawn FM (Alternate World),22,6I5gj0D4OEScl48BPFR0J1,Best Friends - Remix,spotify:track:6I5gj0D4OEScl48BPFR0J1,0.24,0.608,0.649,0.0,0.311,-6.569,0.113,180.22,0.612,46
22,Dawn FM (Alternate World),23,5T0ZsRG7hVgXeffepN8Kmk,Starry Eyes - MIKE DEAN Remix,spotify:track:5T0ZsRG7hVgXeffepN8Kmk,0.477,0.318,0.475,2.76e-05,0.341,-7.513,0.0329,99.981,0.254,46
23,Dawn FM (Alternate World),24,3nUHfbfj1cpnn8ZjS4tNDW,Take My Breath - Single Version,spotify:track:3nUHfbfj1cpnn8ZjS4tNDW,0.0102,0.746,0.739,2.15e-05,0.101,-6.008,0.0488,121.009,0.512,45
24,Dawn FM (Alternate World),1,0tRzZW3c54dHtRXBd1ADGo,Dawn FM,spotify:track:0tRzZW3c54dHtRXBd1ADGo,0.674,0.28,0.478,5.85e-05,0.483,-8.755,0.037,111.65,0.0807,33
25,Dawn FM (Alternate World),2,2XkZKvgeaiedxuOeQqoPEm,Gasoline,spotify:track:2XkZKvgeaiedxuOeQqoPEm,0.000582,0.728,0.741,0.00206,0.33,-7.075,0.0473,123.006,0.31,37
26,Dawn FM (Alternate World),3,5ysQXV3cdZofmS4QDlUZNF,How Do I Make You Love Me?,spotify:track:5ysQXV3cdZofmS4QDlUZNF,0.0203,0.805,0.498,2.37e-05,0.085,-7.927,0.0737,121.006,0.636,39
27,Dawn FM (Alternate World),4,6E7NGmRIRsMffme88ejhuU,Take My Breath,spotify:track:6E7NGmRIRsMffme88ejhuU,0.0128,0.698,0.769,0.00166,0.238,-7.154,0.0368,121.02,0.354,38
28,Dawn FM (Alternate World),5,5CDs03lq4re0AGjgtbUeOv,Sacrifice,spotify:track:5CDs03lq4re0AGjgtbUeOv,0.0296,0.735,0.795,3.18e-05,0.0678,-6.523,0.113,122.0,0.905,39
29,Dawn FM (Alternate World),6,10PX4ty6iuUYaqt1zacjhV,A Tale By Quincy,spotify:track:10PX4ty6iuUYaqt1zacjhV,0.679,0.447,0.512,2.98e-05,0.096,-8.67,0.128,67.291,0.571,30
30,Dawn FM (Alternate World),7,10uGdDVJHS0Pgwx1T2U4kH,Out of Time,spotify:track:10uGdDVJHS0Pgwx1T2U4kH,0.232,0.617,0.762,0.0,0.291,-4.467,0.0469,92.971,0.823,42
31,Dawn FM (Alternate World),8,53TrXsF9ga0CKkxgL9VEHh,"Here We Go… Again (feat. Tyler, the Creator)",spotify:track:53TrXsF9ga0CKkxgL9VEHh,0.345,0.469,0.623,0.0,0.588,-4.432,0.0302,134.943,0.198,34
32,Dawn FM (Alternate World),9,2lDcCz0Rbi7x1wW6dEvluz,Best Friends,spotify:track:2lDcCz0Rbi7x1wW6dEvluz,0.436,0.737,0.564,0.0,0.351,-7.045,0.105,90.0,0.528,35
33,Dawn FM (Alternate World),10,43Gi0KKbDdjy8m2d5lZeo8,Is There Someone Else?,spotify:track:43Gi0KKbDdjy8m2d5lZeo8,0.0388,0.702,0.586,7.27e-05,0.156,-7.83,0.0313,134.951,0.608,42
34,Dawn FM (Alternate World),11,4iyQli7gzr4sXXnafvOXrd,Starry Eyes,spotify:track:4iyQli7gzr4sXXnafvOXrd,0.465,0.309,0.418,7.58e-05,0.295,-8.622,0.031,134.23,0.146,33
35,Dawn FM (Alternate World),12,4Ruday3MmdaJ9dj1mwQ59S,Every Angel is Terrifying,spotify:track:4Ruday3MmdaJ9dj1mwQ59S,0.109,0.447,0.959,2.75e-05,0.0498,-5.59,0.348,118.167,0.46,29
36,Dawn FM (Alternate World),13,16d4MzvJK5feWBXDOgRBze,Don’t Break My Heart,spotify:track:16d4MzvJK5feWBXDOgRBze,0.31,0.767,0.618,0.0,0.179,-7.163,0.032,121.959,0.243,33
37,Dawn FM (Alternate World),14,1yLtagE4j089gAYoF4Z0lA,I Heard You're Married (feat. Lil Wayne),spotify:track:1yLtagE4j089gAYoF4Z0lA,0.103,0.736,0.848,0.0,0.299,-5.494,0.171,109.946,0.784,32
38,Dawn FM (Alternate World),15,7HN4YO5yr8IIUXds4xJPx9,Less Than Zero,spotify:track:7HN4YO5yr8IIUXds4xJPx9,0.00096,0.535,0.791,0.000155,0.0788,-5.55,0.0327,142.981,0.5,38
39,Dawn FM (Alternate World),16,5LvK8z69OPlVaOWU6JHfRJ,Phantom Regret by Jim,spotify:track:5LvK8z69OPlVaOWU6JHfRJ,0.75,0.394,0.519,0.195,0.129,-11.042,0.0465,110.113,0.241,28
40,Dawn FM (Alternate World),17,1lzRZsQ6w0mg8xcGxmzWzx,Moth To A Flame (with The Weeknd),spotify:track:1lzRZsQ6w0mg8xcGxmzWzx,0.00279,0.542,0.659,0.0,0.105,-7.289,0.0389,120.122,0.109,40
41,Dawn FM (Alternate World),18,6RlLT2inT5c5VahF22SAyj,Sacrifice (Remix) (feat. Swedish House Mafia),spotify:track:6RlLT2inT5c5VahF22SAyj,0.0312,0.774,0.742,5.03e-05,0.0907,-7.391,0.0784,122.028,0.677,34
42,Dawn FM (Alternate World),19,36aoiqTQcBGDb7bAO3n5XO,Out of Time - KAYTRANADA Remix,spotify:track:36aoiqTQcBGDb7bAO3n5XO,0.0962,0.742,0.599,0.000578,0.0981,-8.796,0.297,108.283,0.573,49
43,Dawn FM (Alternate World),20,5QTvQN2CpylSgb9rLoYjYQ,Take My Breath - Single Version,spotify:track:5QTvQN2CpylSgb9rLoYjYQ,0.0102,0.746,0.739,2.15e-05,0.101,-6.008,0.0488,121.009,0.512,32
44,Dawn FM (Alternate World),1,3YdWowRd7xUYTwtAjMcYd4,Dawn FM,spotify:track:3YdWowRd7xUYTwtAjMcYd4,0.674,0.28,0.478,5.85e-05,0.483,-8.755,0.037,111.65,0.0807,31
45,Dawn FM (Alternate World),2,06CXvz1j4XLxVkcldLToIG,Gasoline,spotify:track:06CXvz1j4XLxVkcldLToIG,0.000582,0.728,0.741,0.00206,0.33,-7.075,0.0473,123.006,0.31,36
46,Dawn FM (Alternate World),3,2VrsofHA7OtJGrvmCpsews,How Do I Make You Love Me?,spotify:track:2VrsofHA7OtJGrvmCpsews,0.0203,0.805,0.498,2.37e-05,0.085,-7.927,0.0737,121.006,0.636,37
47,Dawn FM (Alternate World),4,1xqN4QSroUjxiHhDBXDsU3,Take My Breath,spotify:track:1xqN4QSroUjxiHhDBXDsU3,0.0128,0.698,0.769,0.00166,0.238,-7.154,0.0368,121.02,0.354,37
48,Dawn FM (Alternate World),5,1HFYN0ApWWNBjqo5AOQ8lp,Sacrifice,spotify:track:1HFYN0ApWWNBjqo5AOQ8lp,0.0296,0.735,0.795,3.18e-05,0.0678,-6.523,0.113,122.0,0.905,37
49,Dawn FM (Alternate World),6,0p9nE0i4DqB0h7M4ZPFwjC,A Tale By Quincy,spotify:track:0p9nE0i4DqB0h7M4ZPFwjC,0.679,0.447,0.513,2.98e-05,0.096,-8.67,0.127,67.289,0.572,30
50,Dawn FM (Alternate World),7,2CkePUjPttkIn4xRGeknSF,Out of Time,spotify:track:2CkePUjPttkIn4xRGeknSF,0.255,0.65,0.76,0.0,0.339,-4.422,0.0446,93.057,0.838,40
51,Dawn FM (Alternate World),8,6gXtispBIKKHUdsaJPxqZ3,"Here We Go… Again (feat. Tyler, the Creator)",spotify:track:6gXtispBIKKHUdsaJPxqZ3,0.345,0.469,0.623,0.0,0.588,-4.432,0.0302,134.943,0.198,33
52,Dawn FM (Alternate World),9,2Nuqluzfe5horjiuLLsHkv,Best Friends,spotify:track:2Nuqluzfe5horjiuLLsHkv,0.436,0.737,0.564,0.0,0.351,-7.045,0.105,90.0,0.528,34
53,Dawn FM (Alternate World),10,6oNlTuenXGKmGf8fwRIVou,Is There Someone Else?,spotify:track:6oNlTuenXGKmGf8fwRIVou,0.0388,0.702,0.586,7.27e-05,0.156,-7.83,0.0313,134.951,0.608,42
54,Dawn FM (Alternate World),11,3KP4VYGyr3r9s1YEn6dToJ,Starry Eyes,spotify:track:3KP4VYGyr3r9s1YEn6dToJ,0.465,0.309,0.418,7.58e-05,0.295,-8.622,0.031,134.23,0.146,33
55,Dawn FM (Alternate World),12,7lwqnExLI9ARiT4garMfyI,Every Angel is Terrifying,spotify:track:7lwqnExLI9ARiT4garMfyI,0.109,0.447,0.959,2.75e-05,0.0498,-5.59,0.348,118.167,0.46,29
56,Dawn FM (Alternate World),13,0u2eUJPIAgcqQt0QwqceK4,Don’t Break My Heart,spotify:track:0u2eUJPIAgcqQt0QwqceK4,0.31,0.767,0.618,0.0,0.179,-7.163,0.032,121.959,0.243,32
57,Dawn FM (Alternate World),14,1CiInIzpSHyyP4ZIUMA5wc,I Heard You're Married (feat. Lil Wayne),spotify:track:1CiInIzpSHyyP4ZIUMA5wc,0.103,0.736,0.848,0.0,0.299,-5.494,0.171,109.946,0.784,32
58,Dawn FM (Alternate World),15,2ILKRLXw6ENhP86JEEHyvs,Less Than Zero,spotify:track:2ILKRLXw6ENhP86JEEHyvs,0.00096,0.535,0.791,0.000155,0.0788,-5.55,0.0327,142.981,0.5,38
59,Dawn FM (Alternate World),16,4bjYKaezFMcmiyNvRcRIwL,Phantom Regret by Jim,spotify:track:4bjYKaezFMcmiyNvRcRIwL,0.75,0.394,0.519,0.195,0.129,-11.042,0.0465,110.113,0.241,28
60,Dawn FM (Alternate World),17,1Xg9k7OAyJryBXVx3KUklz,Take My Breath - Single Version,spotify:track:1Xg9k7OAyJryBXVx3KUklz,0.0106,0.747,0.739,2.22e-05,0.101,-6.008,0.0487,120.996,0.523,62
61,Dawn FM (Alternate World),18,4c4qqhFrvOgddweMQS0ptG,Sacrifice (Remix) (feat. Swedish House Mafia),spotify:track:4c4qqhFrvOgddweMQS0ptG,0.0312,0.774,0.742,5.03e-05,0.0907,-7.391,0.0784,122.028,0.677,61
62,Dawn FM (Alternate World),19,3uuR20w7HgLlb5Hha2mCxb,Moth To A Flame (with The Weeknd),spotify:track:3uuR20w7HgLlb5Hha2mCxb,0.00279,0.542,0.659,0.0,0.105,-7.289,0.0389,120.122,0.109,56
63,Dawn FM (Alternate World),1,0oDtXxpP7CIn6sLQ5RTIHH,Dawn FM,spotify:track:0oDtXxpP7CIn6sLQ5RTIHH,0.674,0.28,0.478,5.85e-05,0.483,-8.755,0.037,111.65,0.0807,15
64,Dawn FM (Alternate World),2,4XZQdPnEdXdBoXWwgTsSHa,Gasoline,spotify:track:4XZQdPnEdXdBoXWwgTsSHa,0.000582,0.728,0.741,0.00206,0.33,-7.075,0.0473,123.006,0.31,18
65,Dawn FM (Alternate World),3,29VVNSWNl3UhC0RhAKLSd9,How Do I Make You Love Me?,spotify:track:29VVNSWNl3UhC0RhAKLSd9,0.0203,0.805,0.498,2.37e-05,0.085,-7.927,0.0737,121.006,0.636,18
66,Dawn FM (Alternate World),4,5xdFUdGhWQvOCfiRugSbpV,Take My Breath,spotify:track:5xdFUdGhWQvOCfiRugSbpV,0.0128,0.698,0.769,0.00166,0.238,-7.154,0.0368,121.02,0.354,18
67,Dawn FM (Alternate World),5,6DFJ2lvAG9FxrJjdg6m1o2,Sacrifice,spotify:track:6DFJ2lvAG9FxrJjdg6m1o2,0.0269,0.732,0.798,4.84e-06,0.0718,-6.511,0.0956,122.008,0.911,18
68,Dawn FM (Alternate World),6,70MaSNZCav3Fp3uWZPA3xp,A Tale By Quincy,spotify:track:70MaSNZCav3Fp3uWZPA3xp,0.656,0.522,0.502,3.79e-05,0.0961,-8.593,0.0802,94.616,0.611,13
69,Dawn FM (Alternate World),7,4jAbAakxgkZSubdmxYrSFR,Out of Time,spotify:track:4jAbAakxgkZSubdmxYrSFR,0.232,0.616,0.762,0.0,0.291,-4.467,0.0469,92.968,0.823,19
70,Dawn FM (Alternate World),8,4bqZNrg0Hs2QNHwCPJRW36,"Here We Go… Again (feat. Tyler, the Creator)",spotify:track:4bqZNrg0Hs2QNHwCPJRW36,0.337,0.439,0.615,0.0,0.588,-4.263,0.0301,134.409,0.21,16
71,Dawn FM (Alternate World),9,5c1p1TZbQEAUVLLGE8WJ0n,Best Friends,spotify:track:5c1p1TZbQEAUVLLGE8WJ0n,0.436,0.737,0.564,0.0,0.351,-7.045,0.105,90.0,0.528,19
72,Dawn FM (Alternate World),10,107g7lTMhcm4MoRUN2geh0,Is There Someone Else?,spotify:track:107g7lTMhcm4MoRUN2geh0,0.0388,0.702,0.586,7.27e-05,0.156,-7.83,0.0313,134.951,0.608,22
73,Dawn FM (Alternate World),11,75kCPFXdjmJEvkBIFIkBhv,Starry Eyes,spotify:track:75kCPFXdjmJEvkBIFIkBhv,0.465,0.309,0.418,7.58e-05,0.295,-8.622,0.031,134.23,0.146,15
74,Dawn FM (Alternate World),12,1hN7Q1g7ikyhezuS49CLjo,Every Angel is Terrifying,spotify:track:1hN7Q1g7ikyhezuS49CLjo,0.109,0.447,0.959,2.75e-05,0.0498,-5.59,0.348,118.167,0.46,13
75,Dawn FM (Alternate World),13,03CrsgSwGFlT5dr69wG4KE,Don’t Break My Heart,spotify:track:03CrsgSwGFlT5dr69wG4KE,0.31,0.767,0.618,0.0,0.179,-7.163,0.032,121.959,0.243,14
76,Dawn FM (Alternate World),14,2COliZ9CPUSyAW8WDRnK1o,I Heard You're Married (feat. Lil Wayne),spotify:track:2COliZ9CPUSyAW8WDRnK1o,0.0823,0.724,0.86,0.0,0.319,-5.455,0.187,109.917,0.781,14
77,Dawn FM (Alternate World),15,7eHyjVpm0cueCoEASeQNkJ,Less Than Zero,spotify:track:7eHyjVpm0cueCoEASeQNkJ,0.00096,0.535,0.791,0.000155,0.0788,-5.55,0.0327,142.981,0.5,19
78,Dawn FM (Alternate World),16,0ZJsrqFdLYS4tfXXmxCsNn,Phantom Regret by Jim,spotify:track:0ZJsrqFdLYS4tfXXmxCsNn,0.75,0.394,0.519,0.195,0.129,-11.042,0.0465,110.113,0.241,11
79,Dawn FM (Alternate World),17,4p1hi3E91FVffzJe6DiviU,Moth To A Flame (with The Weeknd),spotify:track:4p1hi3E91FVffzJe6DiviU,0.00279,0.542,0.659,0.0,0.105,-7.289,0.0389,120.122,0.109,18
80,Dawn FM (Alternate World),18,2oOzFYcuYdY4OJwrlrWKSS,Dawn FM - OPN Remix,spotify:track:2oOzFYcuYdY4OJwrlrWKSS,0.586,0.337,0.719,0.00167,0.1,-4.068,0.0375,184.537,0.275,13
81,Dawn FM (Alternate World),19,27to8cGAieVIpHn8jOw7sm,How Do I Make You Love Me? - Sebastian Ingrosso & Salvatore Ganacci Remix,spotify:track:27to8cGAieVIpHn8jOw7sm,0.0145,0.863,0.802,0.597,0.111,-4.995,0.0476,124.012,0.379,14
82,Dawn FM (Alternate World),20,14Tsooio6zVyBzKeBlL9EX,Sacrifice (Remix) (feat. Swedish House Mafia),spotify:track:14Tsooio6zVyBzKeBlL9EX,0.0172,0.752,0.785,6.43e-05,0.0661,-7.003,0.0931,122.038,0.695,18
83,Dawn FM (Alternate World),21,5pcVSq6D3RW4XzaTEpoz1g,Out of Time - KAYTRANADA Remix,spotify:track:5pcVSq6D3RW4XzaTEpoz1g,0.0924,0.737,0.673,3.73e-05,0.0908,-6.962,0.271,108.033,0.597,12
84,Dawn FM (Alternate World),22,0ubOHILtEFcusJK7xzxuKm,Best Friends - Remix,spotify:track:0ubOHILtEFcusJK7xzxuKm,0.24,0.608,0.649,0.0,0.311,-6.569,0.113,180.22,0.612,61
85,Dawn FM (Alternate World),23,3WJ3srbpK7U5HurnZPGOyH,Starry Eyes - MIKE DEAN Remix,spotify:track:3WJ3srbpK7U5HurnZPGOyH,0.477,0.318,0.475,2.76e-05,0.341,-7.513,0.0329,99.981,0.254,15
86,Dawn FM (Alternate World),24,14dPvM8ydFUyKUg5lejlaS,Take My Breath - Single Version,spotify:track:14dPvM8ydFUyKUg5lejlaS,0.0102,0.746,0.739,2.15e-05,0.101,-6.008,0.0488,121.009,0.512,12
87,Dawn FM,1,3jQvH2VoTRe5CEnIS0MnCE,Dawn FM,spotify:track:3jQvH2VoTRe5CEnIS0MnCE,0.674,0.28,0.478,5.85e-05,0.483,-8.755,0.037,111.65,0.0807,30
88,Dawn FM,2,6Siyw04kxY45j7jWJs0gK2,Gasoline,spotify:track:6Siyw04kxY45j7jWJs0gK2,0.000582,0.728,0.741,0.00206,0.33,-7.075,0.0473,123.006,0.31,36
89,Dawn FM,3,7dvNoiF1Au7RwAO0d7z4GF,How Do I Make You Love Me?,spotify:track:7dvNoiF1Au7RwAO0d7z4GF,0.0203,0.805,0.498,2.37e-05,0.085,-7.927,0.0737,121.006,0.636,37
90,Dawn FM,4,0XvDZGVqGYM7P4rgzRnWhq,Take My Breath,spotify:track:0XvDZGVqGYM7P4rgzRnWhq,0.0128,0.698,0.769,0.00166,0.238,-7.154,0.0368,121.02,0.354,40
91,Dawn FM,5,00gscXjMt09aOxodmaDeR4,Sacrifice,spotify:track:00gscXjMt09aOxodmaDeR4,0.0269,0.732,0.798,4.84e-06,0.0718,-6.511,0.0956,122.008,0.911,52
92,Dawn FM,6,7EO21AonPSkGUv5yWpIAfp,A Tale By Quincy,spotify:track:7EO21AonPSkGUv5yWpIAfp,0.656,0.527,0.502,3.79e-05,0.0961,-8.593,0.0712,95.056,0.608,25
93,Dawn FM,7,6zSYhlhOl8LvuJwZjJRfij,Out of Time,spotify:track:6zSYhlhOl8LvuJwZjJRfij,0.255,0.65,0.76,0.0,0.339,-4.422,0.0446,93.057,0.838,43
94,Dawn FM,8,4CCjPgOtEdNfPJHPj71zFf,"Here We Go… Again (feat. Tyler, the Creator)",spotify:track:4CCjPgOtEdNfPJHPj71zFf,0.337,0.439,0.615,0.0,0.588,-4.263,0.0301,134.409,0.21,33
95,Dawn FM,9,44lfPWq5vdp9yoAJLWtolg,Best Friends,spotify:track:44lfPWq5vdp9yoAJLWtolg,0.436,0.737,0.564,0.0,0.351,-7.045,0.105,90.0,0.528,34
96,Dawn FM,10,4EWrXJlDRbYbfwA8bJeIow,Is There Someone Else?,spotify:track:4EWrXJlDRbYbfwA8bJeIow,0.0388,0.702,0.586,7.27e-05,0.156,-7.83,0.0313,134.951,0.608,46
97,Dawn FM,11,5Fxstmke6g6iWEQ2UoGWpa,Starry Eyes,spotify:track:5Fxstmke6g6iWEQ2UoGWpa,0.465,0.309,0.418,7.58e-05,0.295,-8.622,0.031,134.23,0.146,41
98,Dawn FM,12,6lmdyNG7ntFhpFESlxFFeh,Every Angel is Terrifying,spotify:track:6lmdyNG7ntFhpFESlxFFeh,0.109,0.447,0.959,2.75e-05,0.0498,-5.59,0.348,118.167,0.46,24
99,Dawn FM,13,0iZ7MgaUedNHqlqg9PMqsY,Don’t Break My Heart,spotify:track:0iZ7MgaUedNHqlqg9PMqsY,0.31,0.767,0.618,0.0,0.179,-7.163,0.032,121.959,0.243,36
100,Dawn FM,14,1Oghf0LEF6mEHOzcO4pnLk,I Heard You’re Married (feat. Lil Wayne),spotify:track:1Oghf0LEF6mEHOzcO4pnLk,0.0823,0.724,0.86,0.0,0.319,-5.455,0.187,109.917,0.781,33
101,Dawn FM,15,4984gVJxZeYGSfeqcz6MWh,Less Than Zero,spotify:track:4984gVJxZeYGSfeqcz6MWh,0.00096,0.535,0.791,0.000155,0.0788,-5.55,0.0327,142.981,0.5,42
102,Dawn FM,16,5DudFeH8TLGRI0CVgF8Bkz,Phantom Regret by Jim,spotify:track:5DudFeH8TLGRI0CVgF8Bkz,0.75,0.394,0.519,0.195,0.129,-11.042,0.0465,110.113,0.241,24
103,Dawn FM,1,6krYS8KtmNAYyb5uTZiYW4,Dawn FM,spotify:track:6krYS8KtmNAYyb5uTZiYW4,0.674,0.28,0.478,5.85e-05,0.483,-8.755,0.037,111.65,0.0807,62
104,Dawn FM,2,3KyKxJ4P3pVCgaZwaq2rUC,Gasoline,spotify:track:3KyKxJ4P3pVCgaZwaq2rUC,0.000582,0.728,0.741,0.00206,0.33,-7.075,0.0473,123.006,0.31,71
105,Dawn FM,3,2Ghp894n1laIf2w98VeAOJ,How Do I Make You Love Me?,spotify:track:2Ghp894n1laIf2w98VeAOJ,0.0203,0.805,0.498,2.37e-05,0.085,-7.927,0.0737,121.006,0.636,71
106,Dawn FM,4,2vgUijXOTRMnWXDtvgMp2b,Take My Breath,spotify:track:2vgUijXOTRMnWXDtvgMp2b,0.0128,0.698,0.769,0.00166,0.238,-7.154,0.0368,121.02,0.354,72
107,Dawn FM,5,1nH2PkJL1XoUq8oE6tBZoU,Sacrifice,spotify:track:1nH2PkJL1XoUq8oE6tBZoU,0.0296,0.735,0.795,3.18e-05,0.0678,-6.523,0.113,122.0,0.905,79
108,Dawn FM,6,759ndr57jb0URg4j9YSWml,A Tale By Quincy,spotify:track:759ndr57jb0URg4j9YSWml,0.679,0.447,0.513,2.98e-05,0.096,-8.67,0.127,67.289,0.572,61
109,Dawn FM,7,2SLwbpExuoBDZBpjfefCtV,Out of Time,spotify:track:2SLwbpExuoBDZBpjfefCtV,0.255,0.65,0.76,0.0,0.339,-4.422,0.0446,93.057,0.838,81
110,Dawn FM,8,1NhjYYcYTRywc0di98xHxf,"Here We Go… Again (feat. Tyler, the Creator)",spotify:track:1NhjYYcYTRywc0di98xHxf,0.345,0.469,0.623,0.0,0.588,-4.432,0.0302,134.943,0.198,68
111,Dawn FM,9,1E5Xu8dur0fAjSP1VpVhAZ,Best Friends,spotify:track:1E5Xu8dur0fAjSP1VpVhAZ,0.436,0.737,0.564,0.0,0.351,-7.045,0.105,90.0,0.528,70
112,Dawn FM,10,0mL82sxCRjrs3br407IdJh,Is There Someone Else?,spotify:track:0mL82sxCRjrs3br407IdJh,0.0388,0.702,0.586,7.27e-05,0.156,-7.83,0.0313,134.951,0.608,82
113,Dawn FM,11,6zzdyvVWjGrQBraSvuqJPY,Starry Eyes,spotify:track:6zzdyvVWjGrQBraSvuqJPY,0.465,0.309,0.418,7.58e-05,0.295,-8.622,0.031,134.23,0.146,67
114,Dawn FM,12,3vJcz8exedHCjQ9ed95NqU,Every Angel is Terrifying,spotify:track:3vJcz8exedHCjQ9ed95NqU,0.109,0.447,0.959,2.75e-05,0.0498,-5.59,0.348,118.167,0.46,60
115,Dawn FM,13,6a4GH1gljLL7VvmO9u5O92,Don’t Break My Heart,spotify:track:6a4GH1gljLL7VvmO9u5O92,0.31,0.767,0.618,0.0,0.179,-7.163,0.032,121.959,0.243,66
116,Dawn FM,14,5XbA7TAqsD0fj0dGBrbb0D,I Heard You’re Married (feat. Lil Wayne),spotify:track:5XbA7TAqsD0fj0dGBrbb0D,0.103,0.736,0.848,0.0,0.299,-5.494,0.171,109.946,0.784,70
117,Dawn FM,15,2D4dV2KXDTszzJ3p3cFqhA,Less Than Zero,spotify:track:2D4dV2KXDTszzJ3p3cFqhA,0.00096,0.535,0.791,0.000155,0.0788,-5.55,0.0327,142.981,0.5,77
118,Dawn FM,16,1NlK2NtpuUazpziLhnJwEV,Phantom Regret by Jim,spotify:track:1NlK2NtpuUazpziLhnJwEV,0.75,0.394,0.519,0.195,0.129,-11.042,0.0465,110.113,0.241,59
119,After Hours (Deluxe),1,3KQ1KVG2F8qAospksegrmZ,Alone Again,spotify:track:3KQ1KVG2F8qAospksegrmZ,0.0337,0.255,0.653,0.107,0.168,-7.972,0.0551,90.673,0.058,49
120,After Hours (Deluxe),2,0zzc5kYkzTmWmwrn3CTk5v,Too Late,spotify:track:0zzc5kYkzTmWmwrn3CTk5v,0.0514,0.64,0.869,0.000121,0.691,-5.179,0.124,119.949,0.185,48
121,After Hours (Deluxe),3,6t5zloC7h0EQllwYph9brV,Hardest To Love,spotify:track:6t5zloC7h0EQllwYph9brV,0.0911,0.466,0.609,9.32e-05,0.122,-7.874,0.065,81.186,0.103,49
122,After Hours (Deluxe),4,10HsXXmKdge6ugPcTolceY,Scared To Live,spotify:track:10HsXXmKdge6ugPcTolceY,0.123,0.481,0.493,0.0,0.0995,-8.311,0.051,87.493,0.211,47
123,After Hours (Deluxe),5,1hzVfz7XfL6rnRAk3LGgC2,Snowchild,spotify:track:1hzVfz7XfL6rnRAk3LGgC2,0.166,0.676,0.61,6.47e-05,0.122,-7.558,0.114,148.118,0.24,47
124,After Hours (Deluxe),6,5aFoXADqE288FAlbXYmcy6,Escape From LA,spotify:track:5aFoXADqE288FAlbXYmcy6,0.0476,0.421,0.548,0.00269,0.187,-9.006,0.0568,146.099,0.169,49
125,After Hours (Deluxe),7,28dQlavHTyrEkmI7w7Nivp,Heartless,spotify:track:28dQlavHTyrEkmI7w7Nivp,0.0187,0.537,0.752,1.36e-06,0.145,-5.488,0.132,169.97,0.234,50
126,After Hours (Deluxe),8,2QIbiBkgr2pepvCkmWi3Vn,Faith,spotify:track:2QIbiBkgr2pepvCkmWi3Vn,0.614,0.355,0.605,0.0483,0.146,-7.34,0.0774,175.472,0.123,50
127,After Hours (Deluxe),9,5Sg09MvHqNWPWsYeuY2toY,Blinding Lights,spotify:track:5Sg09MvHqNWPWsYeuY2toY,0.00153,0.518,0.727,0.000152,0.0882,-5.947,0.0557,170.962,0.342,51
128,After Hours (Deluxe),10,3XnkZylcAZ86QAiGVnRVy8,In Your Eyes,spotify:track:3XnkZylcAZ86QAiGVnRVy8,0.00255,0.667,0.72,7.89e-05,0.0753,-5.349,0.0331,100.021,0.705,49
129,After Hours (Deluxe),11,2ExKb6Ag2WXob6FpkSeXhE,Save Your Tears,spotify:track:2ExKb6Ag2WXob6FpkSeXhE,0.0222,0.684,0.817,2.19e-05,0.439,-5.499,0.0308,118.061,0.623,57
130,After Hours (Deluxe),12,22mFHi2NBoZbj9oOoMJgcG,Repeat After Me (Interlude),spotify:track:22mFHi2NBoZbj9oOoMJgcG,0.0313,0.555,0.607,0.00018,0.101,-7.907,0.0301,94.945,0.145,46
131,After Hours (Deluxe),13,31bmr5SE0qrrIPhjGbnwKP,After Hours,spotify:track:31bmr5SE0qrrIPhjGbnwKP,0.0784,0.659,0.572,0.00772,0.123,-6.103,0.0304,108.968,0.14,53
132,After Hours (Deluxe),14,6D3XrPrsF6IUzWiEILNLkq,Until I Bleed Out,spotify:track:6D3XrPrsF6IUzWiEILNLkq,0.444,0.249,0.37,4.44e-05,0.0911,-9.975,0.0357,125.209,0.178,46
133,After Hours (Deluxe),15,5ciyqWW5YuGqF4Avu7uwry,Nothing Compares - Bonus Track,spotify:track:5ciyqWW5YuGqF4Avu7uwry,0.00253,0.532,0.577,0.0437,0.234,-9.313,0.0352,131.922,0.0397,59
134,After Hours (Deluxe),16,38uNCW1do0LKfMIt4MDkPo,Missed You - Bonus Track,spotify:track:38uNCW1do0LKfMIt4MDkPo,0.115,0.689,0.374,0.000132,0.111,-10.038,0.0851,151.98,0.321,58
135,After Hours (Deluxe),17,6rhbL6MhAej39S8KupwjrC,Final Lullaby - Bonus Track,spotify:track:6rhbL6MhAej39S8KupwjrC,0.841,0.604,0.26,9.33e-05,0.327,-10.498,0.0373,100.901,0.318,50
136,After Hours (Deluxe),1,11bRteMeheGhCieJnLr4iE,Alone Again,spotify:track:11bRteMeheGhCieJnLr4iE,0.0337,0.255,0.653,0.107,0.168,-7.972,0.0551,90.673,0.058,16
137,After Hours (Deluxe),2,7JsQVv3o05aKDmUOE5uPc7,Too Late,spotify:track:7JsQVv3o05aKDmUOE5uPc7,0.0514,0.64,0.869,0.000121,0.691,-5.179,0.124,119.949,0.185,18
138,After Hours (Deluxe),3,6g9MQS39hMjQM7dVdzQnQL,Hardest To Love,spotify:track:6g9MQS39hMjQM7dVdzQnQL,0.0911,0.466,0.609,9.32e-05,0.122,-7.874,0.065,81.186,0.103,17
139,After Hours (Deluxe),4,0fShHDv3jb1uojgeMBEPQT,Scared To Live,spotify:track:0fShHDv3jb1uojgeMBEPQT,0.123,0.481,0.493,0.0,0.0995,-8.311,0.051,87.493,0.211,20
140,After Hours (Deluxe),5,1y51XJ8pKq60nuaS5ha8Zh,Snowchild,spotify:track:1y51XJ8pKq60nuaS5ha8Zh,0.174,0.695,0.569,0.000127,0.123,-7.684,0.0955,147.939,0.294,16
141,After Hours (Deluxe),6,7hv8V05lyg4HWKRwRDiWo3,Escape From LA,spotify:track:7hv8V05lyg4HWKRwRDiWo3,0.067,0.419,0.506,0.00979,0.164,-9.038,0.0426,146.132,0.177,17
142,After Hours (Deluxe),7,3i6fXTfdy4eFgMVtYWT4Ff,Heartless,spotify:track:3i6fXTfdy4eFgMVtYWT4Ff,0.0295,0.617,0.756,2.31e-06,0.116,-5.42,0.065,85.008,0.227,23
143,After Hours (Deluxe),8,2z4RnVn8PdmuY86gg48f4R,Faith,spotify:track:2z4RnVn8PdmuY86gg48f4R,0.631,0.445,0.583,0.0659,0.145,-7.284,0.0674,88.021,0.131,16
144,After Hours (Deluxe),9,00uqj8HXl0hWr3tnxC0NZ5,Blinding Lights,spotify:track:00uqj8HXl0hWr3tnxC0NZ5,0.00159,0.515,0.727,0.000159,0.0883,-5.962,0.0607,171.012,0.334,30
145,After Hours (Deluxe),10,7FLeVwMw44PjvhwxG6Ypup,In Your Eyes,spotify:track:7FLeVwMw44PjvhwxG6Ypup,0.00255,0.667,0.72,7.89e-05,0.0753,-5.349,0.0331,100.021,0.705,39
146,After Hours (Deluxe),11,3Ehr6cVlLS06CE2s01w8Z2,Save Your Tears,spotify:track:3Ehr6cVlLS06CE2s01w8Z2,0.0222,0.684,0.817,2.19e-05,0.439,-5.499,0.0308,118.061,0.623,29
147,After Hours (Deluxe),12,0MKcPGxiMHUqVDMVegqZxp,Repeat After Me (Interlude),spotify:track:0MKcPGxiMHUqVDMVegqZxp,0.0294,0.559,0.619,0.00105,0.104,-8.141,0.0299,95.013,0.108,13
148,After Hours (Deluxe),13,2r7TwHFlJ25UHF28NqjD2X,After Hours,spotify:track:2r7TwHFlJ25UHF28NqjD2X,0.0784,0.657,0.572,0.00772,0.123,-6.103,0.0308,108.964,0.14,21
149,After Hours (Deluxe),14,0IB6f7bGW8UWkT2xXsfoSX,Until I Bleed Out,spotify:track:0IB6f7bGW8UWkT2xXsfoSX,0.444,0.249,0.37,4.44e-05,0.0911,-9.975,0.0357,125.209,0.178,14
150,After Hours (Deluxe),15,7z6MeVhSEInfwGBbFPfJ1t,Nothing Compares - Bonus Track,spotify:track:7z6MeVhSEInfwGBbFPfJ1t,0.00253,0.532,0.577,0.0437,0.234,-9.313,0.0352,131.922,0.0397,28
151,After Hours (Deluxe),16,7h8fuJRutcjrpTa2xOi49q,Missed You - Bonus Track,spotify:track:7h8fuJRutcjrpTa2xOi49q,0.115,0.689,0.374,0.000132,0.111,-10.038,0.0851,151.98,0.321,30
152,After Hours (Deluxe),17,4otjR1HAyjAIoWfjHNXcxD,Final Lullaby - Bonus Track,spotify:track:4otjR1HAyjAIoWfjHNXcxD,0.841,0.604,0.26,9.33e-05,0.327,-10.498,0.0373,100.901,0.318,24
153,After Hours (Deluxe),1,1oCyEPXnvytOWS5S9mBE8N,Alone Again,spotify:track:1oCyEPXnvytOWS5S9mBE8N,0.0337,0.255,0.653,0.107,0.168,-7.972,0.0551,90.673,0.058,50
154,After Hours (Deluxe),2,4LKx0dlvzsmntdhMCTtV97,Too Late,spotify:track:4LKx0dlvzsmntdhMCTtV97,0.0514,0.64,0.869,0.000121,0.691,-5.179,0.124,119.949,0.185,49
155,After Hours (Deluxe),3,5GM4EsVHaxGjzgQ81S2J61,Hardest To Love,spotify:track:5GM4EsVHaxGjzgQ81S2J61,0.0911,0.466,0.609,9.32e-05,0.122,-7.874,0.065,81.186,0.103,48
156,After Hours (Deluxe),4,6hU8kY1Pot3gvEHb9CVj3F,Scared To Live,spotify:track:6hU8kY1Pot3gvEHb9CVj3F,0.123,0.48,0.493,0.0,0.0995,-8.311,0.0512,87.343,0.211,47
157,After Hours (Deluxe),5,1Hp7vdJwQ4ozmAJzPAJpfX,Snowchild,spotify:track:1Hp7vdJwQ4ozmAJzPAJpfX,0.166,0.676,0.61,6.47e-05,0.122,-7.558,0.114,148.118,0.24,47
158,After Hours (Deluxe),6,51a6oFNsFpB2zew1tdzT6I,Escape From LA,spotify:track:51a6oFNsFpB2zew1tdzT6I,0.0476,0.423,0.548,0.00269,0.187,-9.006,0.0567,146.099,0.169,48
159,After Hours (Deluxe),7,0HhSydjvwLiBjnVQCG5SjK,Heartless,spotify:track:0HhSydjvwLiBjnVQCG5SjK,0.0187,0.537,0.752,1.36e-06,0.145,-5.488,0.132,169.97,0.234,51
160,After Hours (Deluxe),8,3V937b8IsyJ0ZvVHxreiMs,Faith,spotify:track:3V937b8IsyJ0ZvVHxreiMs,0.614,0.355,0.605,0.0483,0.146,-7.34,0.0774,175.472,0.123,49
161,After Hours (Deluxe),9,4eQO9RHTjYT1O9DTuZLj9v,Blinding Lights,spotify:track:4eQO9RHTjYT1O9DTuZLj9v,0.00153,0.518,0.727,0.000152,0.0882,-5.947,0.0557,170.962,0.342,49
162,After Hours (Deluxe),10,7gCFW1KSX4gDgAhro23URU,In Your Eyes,spotify:track:7gCFW1KSX4gDgAhro23URU,0.00255,0.667,0.72,7.89e-05,0.0753,-5.349,0.0331,100.021,0.705,49
163,After Hours (Deluxe),11,2pGp7wk76ZfbxYG5MRwfcs,Save Your Tears,spotify:track:2pGp7wk76ZfbxYG5MRwfcs,0.0222,0.684,0.817,2.19e-05,0.439,-5.499,0.0308,118.059,0.623,49
164,After Hours (Deluxe),12,5dMVtDN1RDNTOL92oDncwd,Repeat After Me (Interlude),spotify:track:5dMVtDN1RDNTOL92oDncwd,0.0313,0.555,0.607,0.00018,0.101,-7.907,0.0301,94.945,0.145,46
165,After Hours (Deluxe),13,32HKm4gUeUqQ8SQ28uGYUo,After Hours,spotify:track:32HKm4gUeUqQ8SQ28uGYUo,0.0784,0.659,0.572,0.00772,0.123,-6.103,0.0304,108.968,0.14,54
166,After Hours (Deluxe),14,2BTkcHMf8j5pqa5UIMFGcy,Until I Bleed Out,spotify:track:2BTkcHMf8j5pqa5UIMFGcy,0.444,0.249,0.37,4.44e-05,0.0911,-9.975,0.0357,125.209,0.178,47
167,After Hours (Deluxe),15,6utQlfLooYsUkq5xUg3vxt,Nothing Compares - Bonus Track,spotify:track:6utQlfLooYsUkq5xUg3vxt,0.00253,0.532,0.577,0.0437,0.234,-9.313,0.0352,131.922,0.0397,66
168,After Hours (Deluxe),16,5SGEPm9ge10bD4j3ec9UHV,Missed You - Bonus Track,spotify:track:5SGEPm9ge10bD4j3ec9UHV,0.115,0.689,0.374,0.000132,0.111,-10.038,0.0851,151.98,0.321,67
169,After Hours (Deluxe),17,4TA5KWeqdDmgdVPHE7Yj3B,Final Lullaby - Bonus Track,spotify:track:4TA5KWeqdDmgdVPHE7Yj3B,0.841,0.604,0.26,9.33e-05,0.327,-10.498,0.0373,100.901,0.318,62
170,After Hours (Deluxe),18,2PipF4mcI9d6cqq5AAp7GU,Save Your Tears (Remix) (with Ariana Grande) - Bonus Track,spotify:track:2PipF4mcI9d6cqq5AAp7GU,0.0215,0.65,0.825,2.44e-05,0.0936,-4.645,0.0325,118.091,0.593,49
171,After Hours (Deluxe),1,72KBjM7YAZjT02sEmpvPcY,Alone Again,spotify:track:72KBjM7YAZjT02sEmpvPcY,0.0337,0.255,0.653,0.107,0.168,-7.972,0.0551,90.673,0.058,27
172,After Hours (Deluxe),2,3UNf42RQ0rfXvTCzDlxlWo,Too Late,spotify:track:3UNf42RQ0rfXvTCzDlxlWo,0.0514,0.64,0.869,0.000121,0.691,-5.179,0.124,119.949,0.185,25
173,After Hours (Deluxe),3,5S5rJ3mrIkaTiwbfXQgsjs,Hardest To Love,spotify:track:5S5rJ3mrIkaTiwbfXQgsjs,0.0911,0.466,0.609,9.32e-05,0.122,-7.874,0.065,81.186,0.103,25
174,After Hours (Deluxe),4,0fcDGikWzmTShzNTWs1SIv,Scared To Live,spotify:track:0fcDGikWzmTShzNTWs1SIv,0.123,0.48,0.493,0.0,0.0995,-8.311,0.0512,87.343,0.211,24
175,After Hours (Deluxe),5,69RmmcCJmwx9gFzNhXUHRi,Snowchild,spotify:track:69RmmcCJmwx9gFzNhXUHRi,0.174,0.695,0.569,0.000127,0.123,-7.684,0.0955,147.937,0.294,23
176,After Hours (Deluxe),6,0ldNLdX3kExqroQaRJ4Cq1,Escape From LA,spotify:track:0ldNLdX3kExqroQaRJ4Cq1,0.067,0.398,0.506,0.00979,0.164,-9.038,0.0434,145.912,0.177,23
177,After Hours (Deluxe),7,1tMspHbqoGRwHMvwOv44Q2,Heartless,spotify:track:1tMspHbqoGRwHMvwOv44Q2,0.0295,0.617,0.756,2.31e-06,0.116,-5.42,0.065,85.008,0.227,24
178,After Hours (Deluxe),8,2VtfOvb7QuPBGIaDyBXiJQ,Faith,spotify:track:2VtfOvb7QuPBGIaDyBXiJQ,0.631,0.445,0.583,0.0659,0.145,-7.284,0.0674,88.021,0.131,23
179,After Hours (Deluxe),9,3iRwigDWGH0z3R3wFmYmBW,Blinding Lights,spotify:track:3iRwigDWGH0z3R3wFmYmBW,0.00159,0.515,0.727,0.000159,0.0883,-5.962,0.0607,171.012,0.334,27
180,After Hours (Deluxe),10,2OERkBOaYZw5IYZcJpUMmJ,In Your Eyes,spotify:track:2OERkBOaYZw5IYZcJpUMmJ,0.00255,0.667,0.72,7.89e-05,0.0753,-5.349,0.0331,100.021,0.705,26
181,After Hours (Deluxe),11,6HcH1QtJDLSr2MK9ePUDL1,Save Your Tears,spotify:track:6HcH1QtJDLSr2MK9ePUDL1,0.0222,0.684,0.817,2.19e-05,0.439,-5.499,0.0308,118.059,0.623,29
182,After Hours (Deluxe),12,4H7MiMgVrTRKqjp11VMzZk,Repeat After Me (Interlude),spotify:track:4H7MiMgVrTRKqjp11VMzZk,0.0294,0.559,0.619,0.00105,0.104,-8.141,0.0299,95.013,0.108,22
183,After Hours (Deluxe),13,7yBoSdMGXNEGq7Gorad5qj,After Hours,spotify:track:7yBoSdMGXNEGq7Gorad5qj,0.0784,0.657,0.572,0.00772,0.123,-6.103,0.0308,108.964,0.14,29
184,After Hours (Deluxe),14,4ZSUl7D0qSg7gIiiIv9Brd,Until I Bleed Out,spotify:track:4ZSUl7D0qSg7gIiiIv9Brd,0.444,0.249,0.37,4.44e-05,0.0911,-9.975,0.0357,125.209,0.178,23
185,After Hours (Deluxe),15,4XNB3imn7Ag2PhCkzpfaMc,Nothing Compares - Bonus Track,spotify:track:4XNB3imn7Ag2PhCkzpfaMc,0.00253,0.532,0.577,0.0437,0.234,-9.313,0.0352,131.922,0.0397,38
186,After Hours (Deluxe),16,3WLRzyWxdcdcRA2npf2RxQ,Missed You - Bonus Track,spotify:track:3WLRzyWxdcdcRA2npf2RxQ,0.115,0.689,0.374,0.000132,0.111,-10.038,0.0851,151.98,0.321,38
187,After Hours (Deluxe),17,3WwV6tZY9gVM8Q9YFEgEYA,Final Lullaby - Bonus Track,spotify:track:3WwV6tZY9gVM8Q9YFEgEYA,0.841,0.604,0.26,9.33e-05,0.327,-10.498,0.0373,100.901,0.318,33
188,After Hours (Deluxe),18,1oFAF1hdPOickyHgbuRjyX,Save Your Tears (Remix) (with Ariana Grande) - Bonus Track,spotify:track:1oFAF1hdPOickyHgbuRjyX,0.0215,0.65,0.825,2.44e-05,0.0936,-4.645,0.0325,118.091,0.593,81
189,After Hours,1,6b5P51m8xx2XA6U7sdNZ5E,Alone Again,spotify:track:6b5P51m8xx2XA6U7sdNZ5E,0.033,0.218,0.652,0.111,0.172,-7.953,0.0641,65.375,0.0599,69
190,After Hours,2,2K9Ovn1o2bTGqbsABGC6m3,Too Late,spotify:track:2K9Ovn1o2bTGqbsABGC6m3,0.052,0.638,0.863,5.46e-05,0.685,-5.221,0.132,120.077,0.226,68
191,After Hours,3,6kWxIqQDsKFYCJGbU4AjCX,Hardest To Love,spotify:track:6kWxIqQDsKFYCJGbU4AjCX,0.0909,0.467,0.608,8.83e-05,0.125,-7.847,0.0707,80.957,0.108,68
192,After Hours,4,4BGZF4oLbTL0pWm7C18pbv,Scared To Live,spotify:track:4BGZF4oLbTL0pWm7C18pbv,0.131,0.504,0.498,0.0,0.0929,-8.24,0.0499,87.221,0.196,67
193,After Hours,5,3WlbeuhfRSqU7ylK2Ui5U7,Snowchild,spotify:track:3WlbeuhfRSqU7ylK2Ui5U7,0.162,0.55,0.611,6.88e-05,0.121,-7.475,0.137,148.062,0.243,67
194,After Hours,6,1sOW4PuG5X3Ie3EXUhAopJ,Escape From LA,spotify:track:1sOW4PuG5X3Ie3EXUhAopJ,0.0456,0.404,0.524,0.00316,0.199,-8.996,0.0593,145.74,0.168,69
195,After Hours,7,6bnF93Rx87YqUBLSgjiMU8,Heartless,spotify:track:6bnF93Rx87YqUBLSgjiMU8,0.0236,0.537,0.746,1.01e-06,0.156,-5.507,0.15,170.062,0.252,79
196,After Hours,8,3orEOtd8CPL8GFlpRpKuoE,Faith,spotify:track:3orEOtd8CPL8GFlpRpKuoE,0.612,0.375,0.605,0.0448,0.147,-7.268,0.0729,175.946,0.128,68
197,After Hours,9,0VjIjW4GlUZAMYd2vXMi3b,Blinding Lights,spotify:track:0VjIjW4GlUZAMYd2vXMi3b,0.00146,0.514,0.73,9.54e-05,0.0897,-5.934,0.0598,171.005,0.334,90
198,After Hours,10,7szuecWAPwGoV1e5vGu8tl,In Your Eyes,spotify:track:7szuecWAPwGoV1e5vGu8tl,0.00285,0.667,0.719,8.1e-05,0.0736,-5.371,0.0346,100.021,0.717,78
199,After Hours,11,5QO79kh1waicV47BqGRL3g,Save Your Tears,spotify:track:5QO79kh1waicV47BqGRL3g,0.0212,0.68,0.826,1.24e-05,0.543,-5.487,0.0309,118.051,0.644,88
200,After Hours,12,40U8d12pC5UHqmHwXjHjjl,Repeat After Me (Interlude),spotify:track:40U8d12pC5UHqmHwXjHjjl,0.0323,0.555,0.619,0.000224,0.0917,-7.918,0.0314,95.032,0.141,65
201,After Hours,13,2p8IUWQDrpjuFltbdgLOag,After Hours,spotify:track:2p8IUWQDrpjuFltbdgLOag,0.0811,0.664,0.572,0.00604,0.121,-6.099,0.0305,108.959,0.143,81
202,After Hours,14,2BcnxwxBuar5wjCaLqm5N3,Until I Bleed Out,spotify:track:2BcnxwxBuar5wjCaLqm5N3,0.423,0.245,0.394,2.9e-05,0.093,-9.887,0.0374,115.233,0.148,64
203,After Hours,1,1he88AZd2sM9ECcNvVz6TP,Alone Again,spotify:track:1he88AZd2sM9ECcNvVz6TP,0.033,0.218,0.652,0.111,0.172,-7.953,0.0641,65.375,0.0599,32
204,After Hours,2,1g3yj5qV7qrryg5w7hBDQu,Too Late,spotify:track:1g3yj5qV7qrryg5w7hBDQu,0.052,0.638,0.863,5.46e-05,0.685,-5.221,0.132,120.077,0.226,31
205,After Hours,3,3EBPojc6Qiy9JArPLmwQFT,Hardest To Love,spotify:track:3EBPojc6Qiy9JArPLmwQFT,0.0909,0.467,0.608,8.83e-05,0.125,-7.847,0.0704,80.957,0.108,34
206,After Hours,4,3dMfqx5iDMUiaOxW6i81Io,Scared To Live,spotify:track:3dMfqx5iDMUiaOxW6i81Io,0.131,0.498,0.498,0.0,0.0929,-8.24,0.0494,88.085,0.196,35
207,After Hours,5,6SJbe5dxOdk8NQ3cB5kr3m,Snowchild,spotify:track:6SJbe5dxOdk8NQ3cB5kr3m,0.175,0.704,0.552,0.000169,0.123,-7.648,0.0964,148.044,0.279,28
208,After Hours,6,5lEzp5r5nDYtaaSIZgRtpk,Escape From LA,spotify:track:5lEzp5r5nDYtaaSIZgRtpk,0.062,0.41,0.482,0.00595,0.161,-9.04,0.0427,145.929,0.195,32
209,After Hours,7,5PKKJ4fo3ZuGcYKkI79fgf,Heartless,spotify:track:5PKKJ4fo3ZuGcYKkI79fgf,0.0281,0.614,0.758,1.18e-06,0.137,-5.434,0.0774,84.969,0.25,47
210,After Hours,8,1XHDB8m5YwG3WJ4Tv5TMh2,Faith,spotify:track:1XHDB8m5YwG3WJ4Tv5TMh2,0.614,0.457,0.578,0.0633,0.144,-7.263,0.0629,87.98,0.144,30
211,After Hours,9,0kPmcPPkjoyfLhUwHLWrk0,Blinding Lights,spotify:track:0kPmcPPkjoyfLhUwHLWrk0,0.00146,0.515,0.731,9.59e-05,0.0897,-5.934,0.0592,171.004,0.336,39
212,After Hours,10,2jo3etFarByI6akx5cyPDg,In Your Eyes,spotify:track:2jo3etFarByI6akx5cyPDg,0.00285,0.667,0.719,8.1e-05,0.0736,-5.371,0.0346,100.021,0.717,45
213,After Hours,11,5AG3LHmg3FyVbRESspoPAD,Save Your Tears,spotify:track:5AG3LHmg3FyVbRESspoPAD,0.0212,0.68,0.826,1.24e-05,0.543,-5.487,0.0309,118.051,0.644,55
214,After Hours,12,2cdSh2bMoXZ97vu2zrljRU,Repeat After Me (Interlude),spotify:track:2cdSh2bMoXZ97vu2zrljRU,0.0326,0.315,0.616,0.00247,0.105,-8.163,0.0329,94.987,0.118,25
215,After Hours,13,5E7FaORv5mrP2xylB1aOHs,After Hours,spotify:track:5E7FaORv5mrP2xylB1aOHs,0.0815,0.665,0.572,0.00615,0.121,-6.103,0.0303,108.973,0.139,30
216,After Hours,14,0DpjWHMsfhhTCz3VBLQPDx,Until I Bleed Out,spotify:track:0DpjWHMsfhhTCz3VBLQPDx,0.423,0.245,0.394,2.9e-05,0.093,-9.887,0.0374,115.233,0.148,26
217,"My Dear Melancholy,",1,09mEdoA6zrmBPgTEN5qXmN,Call Out My Name,spotify:track:09mEdoA6zrmBPgTEN5qXmN,0.17,0.461,0.593,0.0,0.307,-4.954,0.0356,134.17,0.175,88
218,"My Dear Melancholy,",2,4ppTAJUbNXELZcoUaL90wo,Try Me,spotify:track:4ppTAJUbNXELZcoUaL90wo,0.596,0.456,0.679,0.000573,0.129,-5.778,0.064,92.026,0.107,74
219,"My Dear Melancholy,",3,7DKS0rX27cCEPsK0R6tFWS,Wasted Times,spotify:track:7DKS0rX27cCEPsK0R6tFWS,0.61,0.56,0.678,1.42e-05,0.111,-6.167,0.0581,122.585,0.29,73
220,"My Dear Melancholy,",4,1cKHdTo9u0ZymJdPGSh6nq,I Was Never There,spotify:track:1cKHdTo9u0ZymJdPGSh6nq,0.142,0.323,0.737,0.000162,0.163,-4.008,0.0338,113.26,0.155,89
221,"My Dear Melancholy,",5,6QdnKD1zwEgyOWtkrdzlOF,Hurt You,spotify:track:6QdnKD1zwEgyOWtkrdzlOF,0.263,0.476,0.718,0.00261,0.109,-7.227,0.149,183.932,0.361,73
222,"My Dear Melancholy,",6,0Nwar8rweBUyfyuoyjjUvk,Privilege,spotify:track:0Nwar8rweBUyfyuoyjjUvk,0.915,0.404,0.564,0.00252,0.134,-7.013,0.0344,93.631,0.371,67
223,"My Dear Melancholy,",7,5PTfZsGlsDDPH8i3PdQnXJ,Call Out My Name - A Cappella,spotify:track:5PTfZsGlsDDPH8i3PdQnXJ,0.887,0.397,0.339,0.0,0.306,-6.688,0.0361,135.089,0.459,60
224,"My Dear Melancholy,",1,1HCLJRFIChC0yk8aSTWXiC,Call Out My Name,spotify:track:1HCLJRFIChC0yk8aSTWXiC,0.168,0.462,0.595,0.0,0.299,-4.941,0.0355,134.173,0.171,43
225,"My Dear Melancholy,",2,2WtPqHBeK34kfrPVUKcxxy,Try Me,spotify:track:2WtPqHBeK34kfrPVUKcxxy,0.596,0.448,0.679,0.00062,0.129,-5.777,0.0655,91.821,0.107,28
226,"My Dear Melancholy,",3,5gbuSMNKxTvqWpLafumUL6,Wasted Times,spotify:track:5gbuSMNKxTvqWpLafumUL6,0.602,0.557,0.675,1.52e-05,0.11,-6.163,0.0611,122.607,0.267,34
227,"My Dear Melancholy,",4,3FSdXvqyomu6Lakhn7JSAO,I Was Never There,spotify:track:3FSdXvqyomu6Lakhn7JSAO,0.137,0.324,0.738,0.000157,0.164,-4.008,0.0337,113.425,0.156,48
228,"My Dear Melancholy,",5,56fUbkZ2DHk2PixrNaxlzJ,Hurt You,spotify:track:56fUbkZ2DHk2PixrNaxlzJ,0.249,0.479,0.721,0.00372,0.111,-7.23,0.0876,183.908,0.388,33
229,"My Dear Melancholy,",6,3QuKOVSKsdbzK41rO2qkU5,Privilege,spotify:track:3QuKOVSKsdbzK41rO2qkU5,0.922,0.388,0.566,0.00617,0.135,-7.037,0.0353,94.039,0.377,29
230,"My Dear Melancholy,",7,5wFIG3Zq3bMsofoKYXhu1m,Call Out My Name - A Cappella,spotify:track:5wFIG3Zq3bMsofoKYXhu1m,0.887,0.397,0.339,0.0,0.306,-6.688,0.0361,135.089,0.459,19
231,Starboy,1,7MXVkk9YMctZqd1Srtv4MB,Starboy,spotify:track:7MXVkk9YMctZqd1Srtv4MB,0.141,0.679,0.587,6.35e-06,0.137,-7.015,0.276,186.003,0.486,89
232,Starboy,2,4F7A0DXBrmUAkp32uenhZt,Party Monster,spotify:track:4F7A0DXBrmUAkp32uenhZt,0.189,0.573,0.63,2.31e-05,0.259,-8.389,0.105,77.525,0.218,75
233,Starboy,3,4oeaIftdpT3JuZLcCkKmVE,False Alarm,spotify:track:4oeaIftdpT3JuZLcCkKmVE,0.0324,0.517,0.677,3.37e-05,0.189,-6.373,0.0746,173.978,0.192,69
234,Starboy,4,37F0uwRSrdzkBiuj0D5UHI,Reminder,spotify:track:37F0uwRSrdzkBiuj0D5UHI,0.142,0.706,0.505,0.0,0.164,-6.923,0.193,160.053,0.388,75
235,Starboy,5,36YCdzT57us0LhDmCYtrNE,Rockin’,spotify:track:36YCdzT57us0LhDmCYtrNE,0.0133,0.738,0.885,0.0,0.0821,-5.547,0.206,112.878,0.752,68
236,Starboy,6,00NAQYOP4AmWR549nnYJZu,Secrets,spotify:track:00NAQYOP4AmWR549nnYJZu,0.0155,0.664,0.771,9.6e-06,0.46,-5.779,0.0533,109.945,0.763,71
237,Starboy,7,1oGdVdYjeQvojGKDddxLQQ,True Colors,spotify:track:1oGdVdYjeQvojGKDddxLQQ,0.286,0.624,0.424,0.0,0.173,-8.237,0.24,76.671,0.584,66
238,Starboy,8,4EDijkJdHBZZ0GwJ12iTAj,Stargirl Interlude,spotify:track:4EDijkJdHBZZ0GwJ12iTAj,0.351,0.638,0.474,0.191,0.105,-12.7,0.124,179.771,0.441,81
239,Starboy,9,4h90qkbnW1Qq6pBhoPvwko,Sidewalks,spotify:track:4h90qkbnW1Qq6pBhoPvwko,0.147,0.542,0.72,0.0,0.348,-5.136,0.0628,149.828,0.623,72
240,Starboy,10,4mU5iXHeLgbR94siF7p1sY,Six Feet Under,spotify:track:4mU5iXHeLgbR94siF7p1sY,0.129,0.772,0.504,0.0,0.125,-8.219,0.0761,140.035,0.244,68
241,Starboy,11,27BgDmciSjoxTG0almHTpZ,Love To Lay,spotify:track:27BgDmciSjoxTG0almHTpZ,0.052,0.711,0.807,0.0,0.214,-5.052,0.0608,116.971,0.698,62
242,Starboy,12,0ifooM33X1iBxVYyOkSbXW,A Lonely Night,spotify:track:0ifooM33X1iBxVYyOkSbXW,0.0431,0.853,0.663,8.71e-06,0.0891,-6.955,0.0755,113.998,0.864,69
243,Starboy,13,6pDVjCUA3B1vg9waKutAsv,Attention,spotify:track:6pDVjCUA3B1vg9waKutAsv,0.688,0.671,0.428,0.000182,0.119,-7.052,0.124,148.04,0.362,65
244,Starboy,14,15k2nBQJ0teDmPZHrOXL2N,Ordinary Life,spotify:track:15k2nBQJ0teDmPZHrOXL2N,0.0275,0.537,0.587,0.0,0.0961,-7.486,0.0771,149.748,0.365,64
245,Starboy,15,57qiTKh8bVX0VtfUNTQqhw,Nothing Without You,spotify:track:57qiTKh8bVX0VtfUNTQqhw,0.0646,0.575,0.634,0.0,0.0878,-8.1,0.068,109.825,0.191,66
246,Starboy,16,0NWqNXBJTpXbkI5rPWNy3p,All I Know,spotify:track:0NWqNXBJTpXbkI5rPWNy3p,0.421,0.467,0.417,0.000202,0.102,-10.614,0.074,120.021,0.171,64
247,Starboy,17,2Ch7LmS7r2Gy2kc64wv3Bz,Die For You,spotify:track:2Ch7LmS7r2Gy2kc64wv3Bz,0.111,0.582,0.525,0.0,0.134,-7.163,0.0627,133.249,0.51,87
248,Starboy,18,3dhjNA0jGA8vHBQ1VdD6vV,I Feel It Coming,spotify:track:3dhjNA0jGA8vHBQ1VdD6vV,0.428,0.773,0.819,0.0,0.0679,-5.946,0.118,92.987,0.585,80
249,Starboy,1,7HtPBwBoCBDy1tpstag7HL,Starboy,spotify:track:7HtPBwBoCBDy1tpstag7HL,0.134,0.677,0.592,3.86e-06,0.175,-7.108,0.281,186.038,0.528,59
250,Starboy,2,2dNVHgOx99fv4oSVF9GN1Y,Party Monster,spotify:track:2dNVHgOx99fv4oSVF9GN1Y,0.191,0.588,0.635,1.24e-05,0.259,-8.417,0.0531,77.486,0.208,46
251,Starboy,3,32lgtADX2cB9I4KFs1Y1py,False Alarm,spotify:track:32lgtADX2cB9I4KFs1Y1py,0.0324,0.518,0.676,3.62e-05,0.189,-6.373,0.0744,173.998,0.197,52
252,Starboy,4,31F83eeeh5Sz6g616t13DW,Reminder,spotify:track:31F83eeeh5Sz6g616t13DW,0.16,0.744,0.496,1.72e-06,0.164,-6.931,0.0804,80.031,0.446,43
253,Starboy,5,02V0fopGouDF5GbDHftv4S,Rockin’,spotify:track:02V0fopGouDF5GbDHftv4S,0.0117,0.736,0.883,0.0,0.0734,-5.595,0.214,112.92,0.797,39
254,Starboy,6,3DX4Y0egvc0slLcLl31h2p,Secrets,spotify:track:3DX4Y0egvc0slLcLl31h2p,0.0155,0.665,0.771,9.6e-06,0.46,-5.779,0.0533,109.948,0.764,59
255,Starboy,7,6i759FCuKx713ZnYjtpQGU,True Colors,spotify:track:6i759FCuKx713ZnYjtpQGU,0.284,0.616,0.424,0.0,0.173,-8.237,0.251,76.676,0.582,60
256,Starboy,8,5gDWsRxpJ2lZAffh5p7K0w,Stargirl Interlude,spotify:track:5gDWsRxpJ2lZAffh5p7K0w,0.353,0.715,0.47,0.0923,0.104,-12.638,0.0772,89.965,0.426,82
257,Starboy,9,2Eomvb6YHo8lhfleLufuca,Sidewalks,spotify:track:2Eomvb6YHo8lhfleLufuca,0.15,0.536,0.721,0.0,0.348,-5.144,0.0649,149.839,0.612,41
258,Starboy,10,2QErvFddvI9I4QokOsQXdC,Six Feet Under,spotify:track:2QErvFddvI9I4QokOsQXdC,0.121,0.776,0.483,0.0,0.118,-8.262,0.0784,140.005,0.24,38
259,Starboy,11,1E43TJhKcM8hXgM958ROQ1,Love To Lay,spotify:track:1E43TJhKcM8hXgM958ROQ1,0.0519,0.711,0.807,0.0,0.214,-5.053,0.0608,116.971,0.699,49
260,Starboy,12,4UknpXoLjlB7Mao4UWcJ2o,A Lonely Night,spotify:track:4UknpXoLjlB7Mao4UWcJ2o,0.0431,0.853,0.663,8.65e-06,0.0891,-6.955,0.0755,113.999,0.864,57
261,Starboy,13,0HlIziU2FZ7BjiQDt8Zost,Attention,spotify:track:0HlIziU2FZ7BjiQDt8Zost,0.726,0.668,0.435,8.17e-05,0.117,-7.115,0.117,148.069,0.361,35
262,Starboy,14,7lsYGc5H5DHktxO7gbB8bN,Ordinary Life,spotify:track:7lsYGc5H5DHktxO7gbB8bN,0.0276,0.544,0.586,0.0,0.0962,-7.486,0.0794,149.882,0.361,59
263,Starboy,15,3Te3gG6MPEDNqLGzWrjKC3,Nothing Without You,spotify:track:3Te3gG6MPEDNqLGzWrjKC3,0.064,0.599,0.635,0.0,0.0878,-8.101,0.0679,109.919,0.194,59
264,Starboy,16,4MBGysmc3qsFY3jYEgYfHe,All I Know,spotify:track:4MBGysmc3qsFY3jYEgYfHe,0.461,0.636,0.402,0.00112,0.101,-10.746,0.0559,120.02,0.194,35
265,Starboy,17,2LBqCSwhJGcFQeTHMVGwy3,Die For You,spotify:track:2LBqCSwhJGcFQeTHMVGwy3,0.111,0.586,0.525,0.0,0.134,-7.163,0.0615,133.629,0.508,86
266,Starboy,18,5GXAXm5YOmYT0kL5jHvYBt,I Feel It Coming,spotify:track:5GXAXm5YOmYT0kL5jHvYBt,0.426,0.773,0.819,0.0,0.0679,-5.946,0.118,92.99,0.585,74
267,Beauty Behind The Madness,1,60jW6P7AGw2FozTaqctJ4i,Real Life,spotify:track:60jW6P7AGw2FozTaqctJ4i,0.438,0.58,0.653,0.0,0.351,-5.04,0.0506,90.726,0.346,9
268,Beauty Behind The Madness,2,2bWO9puW3hXQcZZsehDRCo,Losers,spotify:track:2bWO9puW3hXQcZZsehDRCo,0.0309,0.661,0.483,0.000801,0.507,-9.793,0.0496,90.994,0.296,9
269,Beauty Behind The Madness,3,4cgDltqQz6YKPotLNbfGDn,Tell Your Friends,spotify:track:4cgDltqQz6YKPotLNbfGDn,0.265,0.565,0.454,0.0,0.181,-11.091,0.0461,74.809,0.312,11
270,Beauty Behind The Madness,4,3Hf7SsKqVeZ0uW164edrJl,Often,spotify:track:3Hf7SsKqVeZ0uW164edrJl,0.248,0.567,0.622,0.0,0.139,-9.821,0.046,133.984,0.0751,11
271,Beauty Behind The Madness,5,7H5EBs3aGqRPZaGEvU6y6F,The Hills,spotify:track:7H5EBs3aGqRPZaGEvU6y6F,0.0841,0.374,0.55,0.0,0.139,-7.007,0.0848,112.912,0.124,17
272,Beauty Behind The Madness,6,5OejsjQoFVXniKLsXYs7G4,Acquainted,spotify:track:5OejsjQoFVXniKLsXYs7G4,0.437,0.485,0.481,0.0,0.0861,-9.858,0.051,105.934,0.233,12
273,Beauty Behind The Madness,7,64bYIchESwtANfBlwJoK1e,Can't Feel My Face,spotify:track:64bYIchESwtANfBlwJoK1e,0.112,0.705,0.769,0.0,0.105,-5.526,0.0426,107.939,0.59,20
274,Beauty Behind The Madness,8,7MMQME7nvRBZ1ru82bJ9of,Shameless,spotify:track:7MMQME7nvRBZ1ru82bJ9of,0.146,0.603,0.562,0.0,0.109,-8.311,0.0267,100.038,0.244,9
275,Beauty Behind The Madness,9,7ID2dydg1QFuWObmdhwzfm,Earned It (Fifty Shades Of Grey),spotify:track:7ID2dydg1QFuWObmdhwzfm,0.408,0.647,0.291,0.0,0.0772,-8.275,0.0363,119.839,0.4,26
276,Beauty Behind The Madness,10,17ghHlAfjnAIEpYGTlX4GL,In The Night,spotify:track:17ghHlAfjnAIEpYGTlX4GL,0.0803,0.4,0.673,0.0,0.0484,-4.967,0.125,112.122,0.508,12
277,Beauty Behind The Madness,11,2d1ogCmohNk5jsRTk0eCNs,As You Are,spotify:track:2d1ogCmohNk5jsRTk0eCNs,0.131,0.371,0.329,0.00625,0.279,-9.667,0.0574,173.661,0.0539,9
278,Beauty Behind The Madness,12,3JOh1LxSDVjTLF5DAB8R5M,Dark Times,spotify:track:3JOh1LxSDVjTLF5DAB8R5M,0.114,0.501,0.403,1.1e-05,0.124,-9.607,0.0752,132.608,0.27,6
279,Beauty Behind The Madness,13,3q3INoUz56tAaKXZSkONon,Prisoner,spotify:track:3q3INoUz56tAaKXZSkONon,0.441,0.55,0.404,0.00022,0.11,-12.755,0.0398,135.016,0.329,7
280,Beauty Behind The Madness,14,2qHMUxqGht8K1wNjXG40wH,Angel,spotify:track:2qHMUxqGht8K1wNjXG40wH,0.105,0.626,0.583,0.0,0.115,-7.574,0.0435,127.956,0.335,8
281,Beauty Behind The Madness,15,5KIfOGEy5DM2TaT0ph5nYM,Can't Feel My Face - Martin Garrix Remix,spotify:track:5KIfOGEy5DM2TaT0ph5nYM,0.0104,0.605,0.714,2.35e-05,0.324,-5.432,0.101,128.025,0.136,10
282,Beauty Behind The Madness,16,2jpBr2dJrIgrpkqorINSAa,The Hills - Remix,spotify:track:2jpBr2dJrIgrpkqorINSAa,0.0681,0.65,0.632,0.0,0.0875,-6.672,0.184,112.927,0.33,9
283,Beauty Behind The Madness,17,019FM2BxcPE2vyGWeOWhvS,The Hills - Remix,spotify:track:019FM2BxcPE2vyGWeOWhvS,0.0974,0.409,0.602,0.0,0.107,-7.025,0.108,110.463,0.186,7
284,Beauty Behind The Madness,1,03j354P848KtNU2FVSwkDG,Real Life,spotify:track:03j354P848KtNU2FVSwkDG,0.439,0.581,0.652,0.0,0.351,-5.039,0.0496,90.634,0.358,60
285,Beauty Behind The Madness,2,1bAvtmTl0F9loyz9AwPwp7,Losers,spotify:track:1bAvtmTl0F9loyz9AwPwp7,0.0355,0.666,0.485,0.000599,0.504,-9.85,0.053,91.007,0.287,61
286,Beauty Behind The Madness,3,1mhVXWduD8ReDwusfaHNwU,Tell Your Friends,spotify:track:1mhVXWduD8ReDwusfaHNwU,0.265,0.583,0.454,0.0,0.181,-11.091,0.0425,74.64,0.309,71
287,Beauty Behind The Madness,4,4PhsKqMdgMEUSstTDAmMpg,Often,spotify:track:4PhsKqMdgMEUSstTDAmMpg,0.222,0.572,0.631,0.0,0.135,-9.836,0.0476,134.078,0.0713,80
288,Beauty Behind The Madness,5,7fBv7CLKzipRk6EC6TWHOB,The Hills,spotify:track:7fBv7CLKzipRk6EC6TWHOB,0.0671,0.585,0.564,0.0,0.135,-7.063,0.0515,113.003,0.137,86
289,Beauty Behind The Madness,6,7uJH0YdSZL6psjxI6Xy08b,Acquainted,spotify:track:7uJH0YdSZL6psjxI6Xy08b,0.482,0.372,0.478,0.0,0.0844,-9.835,0.0503,101.102,0.254,75
290,Beauty Behind The Madness,7,22VdIZQfgXJea34mQxlt81,Can't Feel My Face,spotify:track:22VdIZQfgXJea34mQxlt81,0.113,0.705,0.769,0.0,0.105,-5.526,0.0425,107.949,0.583,81
291,Beauty Behind The Madness,8,6C6fHTuFUxVtJpBOOaMvJr,Shameless,spotify:track:6C6fHTuFUxVtJpBOOaMvJr,0.147,0.603,0.563,0.0,0.109,-8.313,0.027,100.06,0.234,65
292,Beauty Behind The Madness,9,4frLb7nWtsz2ymBE6k2GRP,Earned It (Fifty Shades Of Grey),spotify:track:4frLb7nWtsz2ymBE6k2GRP,0.405,0.659,0.291,0.0,0.0771,-8.275,0.0348,119.829,0.406,74
293,Beauty Behind The Madness,10,25KybV9BOUlvcnv7nN3Pyo,In The Night,spotify:track:25KybV9BOUlvcnv7nN3Pyo,0.0796,0.505,0.68,0.0,0.0465,-4.993,0.0714,168.022,0.539,74
294,Beauty Behind The Madness,11,3H3qBumaYj67PT3aMEBvAP,As You Are,spotify:track:3H3qBumaYj67PT3aMEBvAP,0.131,0.377,0.329,0.00654,0.279,-9.67,0.0569,173.663,0.0528,65
295,Beauty Behind The Madness,12,6J7PIkhtHwmFjPLq0SyuPj,Dark Times,spotify:track:6J7PIkhtHwmFjPLq0SyuPj,0.116,0.501,0.403,1.03e-05,0.124,-9.611,0.0747,132.608,0.27,64
296,Beauty Behind The Madness,13,1gZADNt16Oh23jWyMYRk4p,Prisoner,spotify:track:1gZADNt16Oh23jWyMYRk4p,0.443,0.551,0.405,0.000217,0.11,-12.756,0.0398,135.017,0.341,66
297,Beauty Behind The Madness,14,0wzPHTgOtFIDhk2rD3Au4x,Angel,spotify:track:0wzPHTgOtFIDhk2rD3Au4x,0.105,0.626,0.583,0.0,0.115,-7.574,0.0435,127.966,0.335,63
298,Beauty Behind The Madness,1,3ktb03wUWLGWllnpNLhEBn,Real Life,spotify:track:3ktb03wUWLGWllnpNLhEBn,0.438,0.58,0.653,0.0,0.351,-5.04,0.0506,90.726,0.346,0
299,Beauty Behind The Madness,2,3ZVu0pxOtzRqbEaaWn8Ytf,Losers,spotify:track:3ZVu0pxOtzRqbEaaWn8Ytf,0.0309,0.661,0.483,0.000801,0.507,-9.793,0.0496,90.994,0.296,0
300,Beauty Behind The Madness,3,1klutO4g56hiKBaXCv1UYT,Tell Your Friends,spotify:track:1klutO4g56hiKBaXCv1UYT,0.218,0.577,0.43,0.0,0.162,-11.294,0.0423,74.52,0.299,0
301,Beauty Behind The Madness,4,3GCp3YggcPIrSffx7OXY0e,Often,spotify:track:3GCp3YggcPIrSffx7OXY0e,0.26,0.503,0.565,0.0,0.116,-10.097,0.0503,67.035,0.0737,1
302,Beauty Behind The Madness,5,0ydruTZ2bBY3TNf2vd8J8q,The Hills,spotify:track:0ydruTZ2bBY3TNf2vd8J8q,0.0743,0.57,0.564,2.5e-06,0.135,-7.108,0.0627,112.892,0.143,1
303,Beauty Behind The Madness,6,18vg0mVjf5cBWXdbO3amQJ,Acquainted,spotify:track:18vg0mVjf5cBWXdbO3amQJ,0.436,0.383,0.502,0.0,0.0996,-9.892,0.053,105.474,0.251,0
304,Beauty Behind The Madness,7,4rHBmOymwElojWx8p3XEq3,Can't Feel My Face,spotify:track:4rHBmOymwElojWx8p3XEq3,0.112,0.705,0.769,0.0,0.105,-5.526,0.0426,107.939,0.59,3
305,Beauty Behind The Madness,8,0ENhTEjXAUhHm47T9D4Uad,Shameless,spotify:track:0ENhTEjXAUhHm47T9D4Uad,0.134,0.608,0.552,0.0,0.102,-8.474,0.0269,100.062,0.267,0
306,Beauty Behind The Madness,9,2uv4moS862MAZcntQfurpz,Earned It (Fifty Shades Of Grey),spotify:track:2uv4moS862MAZcntQfurpz,0.408,0.647,0.291,0.0,0.0771,-8.275,0.0363,119.839,0.4,5
307,Beauty Behind The Madness,10,3VNX0zuvOQMAZQa71k8M7Q,In The Night,spotify:track:3VNX0zuvOQMAZQa71k8M7Q,0.0796,0.505,0.68,0.0,0.0465,-4.99,0.0713,168.021,0.539,1
308,Beauty Behind The Madness,11,4Da8d2dbh0p9cEqMgwvhUE,As You Are,spotify:track:4Da8d2dbh0p9cEqMgwvhUE,0.131,0.371,0.329,0.00625,0.279,-9.667,0.0574,173.661,0.0539,2
309,Beauty Behind The Madness,12,4QmL9O27QxB88uw3Mq4Lp7,Dark Times,spotify:track:4QmL9O27QxB88uw3Mq4Lp7,0.114,0.501,0.403,1.1e-05,0.124,-9.607,0.0752,132.608,0.27,0
310,Beauty Behind The Madness,13,1bLtyw0nNZDvIF4MpHqLOW,Prisoner,spotify:track:1bLtyw0nNZDvIF4MpHqLOW,0.441,0.55,0.404,0.00022,0.11,-12.755,0.0398,135.016,0.329,1
311,Beauty Behind The Madness,14,5buWSg8MDfzReA0794pchb,Angel,spotify:track:5buWSg8MDfzReA0794pchb,0.105,0.626,0.583,0.0,0.115,-7.574,0.0435,127.956,0.335,3
312,Beauty Behind The Madness,1,799OEO2Pl3otfWBYpVMntg,Real Life,spotify:track:799OEO2Pl3otfWBYpVMntg,0.438,0.58,0.653,0.0,0.351,-5.04,0.0506,90.726,0.346,25
313,Beauty Behind The Madness,2,7rZSFfDMDBjQAG2Hs9pnlG,Losers,spotify:track:7rZSFfDMDBjQAG2Hs9pnlG,0.0309,0.661,0.483,0.000801,0.507,-9.793,0.0496,90.994,0.296,27
314,Beauty Behind The Madness,3,5qR4i8K9UCQjYwxzZNLIGj,Tell Your Friends,spotify:track:5qR4i8K9UCQjYwxzZNLIGj,0.218,0.577,0.43,0.0,0.162,-11.294,0.0423,74.52,0.299,33
315,Beauty Behind The Madness,4,6SiyY8zR6v82Cg7Ap8LHBr,Often,spotify:track:6SiyY8zR6v82Cg7Ap8LHBr,0.26,0.503,0.565,0.0,0.116,-10.097,0.0503,67.035,0.0737,41
316,Beauty Behind The Madness,5,4S73p2PcSonb5wbXIcanqv,The Hills,spotify:track:4S73p2PcSonb5wbXIcanqv,0.0743,0.57,0.564,2.5e-06,0.135,-7.108,0.0627,112.892,0.143,51
317,Beauty Behind The Madness,6,7vIMeJM2jGF2qww0PLOBUK,Acquainted,spotify:track:7vIMeJM2jGF2qww0PLOBUK,0.436,0.383,0.502,0.0,0.0996,-9.892,0.053,105.474,0.251,35
318,Beauty Behind The Madness,7,7J8QP8SvEoXC09R9xf7SKt,Can't Feel My Face,spotify:track:7J8QP8SvEoXC09R9xf7SKt,0.112,0.705,0.769,0.0,0.105,-5.526,0.0426,107.939,0.59,46
319,Beauty Behind The Madness,8,7uaBR3RSAEXGWSDk4hEjvQ,Shameless,spotify:track:7uaBR3RSAEXGWSDk4hEjvQ,0.134,0.608,0.552,0.0,0.102,-8.474,0.0269,100.062,0.267,27
320,Beauty Behind The Madness,9,7FNFX9sTKfXqfiir5OWKmY,Earned It (Fifty Shades Of Grey),spotify:track:7FNFX9sTKfXqfiir5OWKmY,0.408,0.647,0.291,0.0,0.0771,-8.275,0.0363,119.839,0.4,56
321,Beauty Behind The Madness,10,3MaQvpdNb4Vv7J7K9jYw1t,In The Night,spotify:track:3MaQvpdNb4Vv7J7K9jYw1t,0.0796,0.505,0.68,0.0,0.0465,-4.99,0.0713,168.021,0.539,40
322,Beauty Behind The Madness,11,6MkumkB800IlwJXGOln4Th,As You Are,spotify:track:6MkumkB800IlwJXGOln4Th,0.131,0.371,0.329,0.00625,0.279,-9.667,0.0574,173.661,0.0539,26
323,Beauty Behind The Madness,12,41oeGHsIkl8UfgwEbyRuP8,Dark Times,spotify:track:41oeGHsIkl8UfgwEbyRuP8,0.114,0.501,0.403,1.1e-05,0.124,-9.607,0.0752,132.608,0.27,26
324,Beauty Behind The Madness,13,3dkeFXyOlKg0THR22hxvsv,Prisoner,spotify:track:3dkeFXyOlKg0THR22hxvsv,0.441,0.55,0.404,0.00022,0.11,-12.755,0.0398,135.016,0.329,26
325,Beauty Behind The Madness,14,3Df2uB1b5XDbJAiu2xOHvH,Angel,spotify:track:3Df2uB1b5XDbJAiu2xOHvH,0.105,0.626,0.583,0.0,0.115,-7.574,0.0435,127.956,0.335,26
